Symbol,Name,Closed Date,Opened Date,Quantity,Proceeds Per Share,Cost Per Share,Proceeds,Cost Basis,Gain/Loss ($),Gain/Loss (%),Long Term Gain/Loss,Short Term Gain/Loss,Term,Unadjusted Cost Basis,Wash Sale?,Disallowed Loss,Transaction Closed Date,Transaction Cost Basis,Total Transaction Gain/Loss ($),Total Transaction Gain/Loss (%),LT Transaction Gain/Loss ($),LT Transaction Gain/Loss (%),ST Transaction Gain/Loss ($),ST Transaction Gain/Loss (%)
QS,QUANTUMSCAPE CORP CLASS A,12/23/2020,11/30/2020,1,$118.17,$48.99,$118.17,$48.99,$69.18,141.21%,,$69.18,Short,$48.99,No,,,,,,,,,
NET,CLOUDFLARE INC CLASS A,12/23/2020,11/27/2020,20,$82.21,$73.59,$1644.24,$1471.70,$172.54,11.72%,,$172.54,Short,$1471.70,No,,,,,,,,,
CCHWF,COLUMBIA CARE INC F,12/22/2020,11/27/2020,50,$4.64,$4.16,$231.84,$207.98,$23.86,11.47%,,$23.86,Short,$207.98,No,,,$1039.76,$119.46,11.49%,,,,11.49%
CWBHF,CHARLOTTES WEB HLDGS I F,12/22/2020,10/08/2020,375,$3.97,$2.78,$1486.88,$1041.38,$445.50,42.78%,,$445.50,Short,$1041.38,No,,,,,,,,,
TSLA,TESLA INC,12/22/2020,08/20/2020,3,$633.39,$474.99,$1900.18,$1424.97,$475.21,33.35%,,$475.21,Short,$1424.97,No,,,$1373.95,$526.23,38.30%,,,,38.30%
INVA,INNOVIVA INC,12/22/2020,12/14/2020,134,$11.90,$11.31,$1594.57,$1515.54,$79.03,5.21%,,$79.03,Short,$1515.54,No,,,,,,,,,
ARKF,ARK FINTECH INNOVATION ETF,12/22/2020,12/17/2020,30,$51.23,$50.32,$1536.87,$1509.68,$27.19,1.80%,,$27.19,Short,$1509.68,No,,,,,,,,,
SE,SEA LTD F UNSPONSORED ADR 1 ADR REPS 1 ORD SHS,12/22/2020,12/16/2020,10,$199.46,$195.37,$1994.56,$1953.69,$40.87,2.09%,,$40.87,Short,$1953.69,No,,,,,,,,,
CCHWF,COLUMBIA CARE INC F,12/22/2020,11/27/2020,200,$4.64,$4.16,$927.38,$831.78,$95.60,11.49%,,$95.60,Short,$831.78,No,,,$1039.76,$119.46,11.49%,,,,11.49%
INSG,INSEEGO CORP,12/21/2020,12/14/2020,113,$14.24,$15.12,$1609.33,$1708.56,-$99.23,-5.81%,,-$99.23,Short,$1708.56,No,,,,,,,,,
NVAX,NOVAVAX INC,12/21/2020,12/17/2020,2,$124.51,$131.30,$249.01,$262.60,-$13.59,-5.18%,,-$13.59,Short,$262.60,No,,,$1969.50,-$101.89,-5.17%,,,,-5.17%
MRVL,MARVELL TECH GROUP F,12/21/2020,12/17/2020,34,$47.10,$46.75,$1601.36,$1589.50,$11.86,0.75%,,$11.86,Short,$1589.50,No,,,,,,,,,
NVAX,NOVAVAX INC,12/21/2020,12/11/2020,1,$124.51,$132.61,$124.51,$132.61,-$8.10,-6.11%,,-$8.10,Short,$132.61,No,,,$1969.50,-$101.89,-5.17%,,,,-5.17%
NVAX,NOVAVAX INC,12/21/2020,12/11/2020,12,$124.51,$132.61,$1494.09,$1591.33,-$97.24,-6.11%,,-$97.24,Short,$1591.33,No,,,$1969.50,-$101.89,-5.17%,,,,-5.17%
CURO 04/16/2021 10.00 C,CALL CURO GROUP HOLDINGS $10 EXP 04/16/21,12/21/2020,12/18/2020,1,$5.39,$7.36,$539.34,$735.65,-$196.31,-26.69%,,-$196.31,Short,$735.65,No,,,,,,,,,
BTGN,BITCOIN GENERATION INC,12/18/2020,10/23/2020,195,$0.60,$0.72,$117.00,$140.40,-$23.40,-16.67%,,-$23.40,Short,$140.40,No,,,,,,,,,
BTGN,BITCOIN GENERATION INC,12/18/2020,10/23/2020,1000,$0.60,$0.72,$599.99,$720.00,-$120.01,-16.67%,,-$120.01,Short,$720.00,No,,,,,,,,,
BTGN,BITCOIN GENERATION INC,12/18/2020,10/22/2020,200,$0.60,$1.15,$120.00,$230.00,-$110.00,-47.83%,,-$110.00,Short,$230.00,No,,,$1587.85,-$609.87,-38.41%,,,,-38.41%
BTGN,BITCOIN GENERATION INC,12/18/2020,10/23/2020,405,$0.60,$0.72,$242.99,$291.60,-$48.61,-16.67%,,-$48.61,Short,$291.60,No,,,$1587.85,-$609.87,-38.41%,,,,-38.41%
BTGN,BITCOIN GENERATION INC,12/18/2020,10/22/2020,275,$0.60,$1.15,$165.00,$316.25,-$151.25,-47.83%,,-$151.25,Short,$316.25,No,,,$1587.85,-$609.87,-38.41%,,,,-38.41%
BTGN,BITCOIN GENERATION INC,12/18/2020,10/22/2020,750,$0.60,$1.00,$449.99,$750.00,-$300.01,-40.00%,,-$300.01,Short,$750.00,No,,,$1587.85,-$609.87,-38.41%,,,,-38.41%
GRWG,GROWGENERATION CORP,12/17/2020,12/05/2020,30,$37.36,$39.29,$1120.78,$1178.67,-$57.89,-4.91%,,-$57.89,Short,$1178.67,No,,,$1810.25,$57.71,3.19%,,,,3.19%
GRWG,GROWGENERATION CORP,12/17/2020,12/16/2020,20,$37.36,$36.20,$747.18,$724.10,$23.08,3.19%,,$23.08,Short,$724.10,No,,,$1810.25,$57.71,3.19%,,,,3.19%
EGHT,8X8 INC,12/17/2020,12/11/2020,50,$31.16,$30.89,$1558.17,$1544.50,$13.67,0.89%,,$13.67,Short,$1544.50,No,,,,,,,,,
CRNT,CERAGON NETWORKS LTD F,12/17/2020,11/30/2020,300,$2.61,$2.69,$782.98,$808.50,-$25.52,-3.16%,,-$25.52,Short,$808.50,No,,,,,,,,,
CRNT,CERAGON NETWORKS LTD F,12/17/2020,11/30/2020,100,$2.61,$2.69,$261.32,$269.50,-$8.18,-3.04%,,-$8.18,Short,$269.50,No,,,,,,,,,
CRNT,CERAGON NETWORKS LTD F,12/17/2020,11/30/2020,100,$2.61,$2.69,$260.99,$269.50,-$8.51,-3.16%,,-$8.51,Short,$269.50,No,,,,,,,,,
TSLA,TESLA INC,12/16/2020,08/20/2020,12,$622.16,$474.99,$7465.89,$5699.87,$1766.02,30.98%,,$1766.02,Short,$5699.87,No,,,$5495.80,$1970.09,35.85%,,,,35.85%
BA 01/15/2021 235.00 C,CALL BOEING CO $235 EXP 01/15/21,12/15/2020,11/23/2020,1,$9.74,$6.86,$974.33,$685.65,$288.68,42.10%,,$288.68,Short,$685.65,No,,,,,,,,,
BTGN,BITCOIN GENERATION INC,12/15/2020,10/22/2020,175,$0.50,$1.15,$87.50,$201.25,-$113.75,-56.52%,,-$113.75,Short,$201.25,No,,,,,,,,,
APPN,APPIAN CORP 00500 CLASS A,12/15/2020,11/25/2020,10,$141.66,$142.97,$1416.58,$1429.70,-$13.12,-0.92%,,-$13.12,Short,$1429.70,No,,,,,,,,,
SYAAF,SYRAH RESOURCES LI ORDF,12/14/2020,11/16/2020,200,$0.62,$0.57,$123.06,$113.27,$9.79,8.64%,,$9.79,Short,$113.27,No,,,$102.94,$20.12,19.55%,,,,19.55%
SYAAF,SYRAH RESOURCES LI ORDF,12/14/2020,11/16/2020,1700,$0.62,$0.57,$1054.50,$962.83,$91.67,9.52%,,$91.67,Short,$962.83,No,,,$875.00,$179.50,20.51%,,,,20.51%
BLNK,BLINK CHARGING CO,12/14/2020,11/27/2020,30,$26.50,$28.32,$794.98,$849.66,-$45.57,-5.36%,,-$45.57,Short,$849.66,Yes,$9.11,,,,,,,,
SYAAF,SYRAH RESOURCES LI ORDF,12/14/2020,11/16/2020,1500,$0.62,$0.57,$930.44,$849.55,$80.89,9.52%,,$80.89,Short,$849.55,No,,,$772.06,$158.38,20.51%,,,,20.51%
GRWG,GROWGENERATION CORP,12/14/2020,12/03/2020,30,$33.10,$36.18,$992.98,$1085.50,$0.00,0.00%,,$0.00,Short,$1085.50,Yes,$92.52,,,,,,,,
BLNK,BLINK CHARGING CO,12/14/2020,11/27/2020,20,$26.50,$28.32,$529.99,$566.44,$0.00,0.00%,,$0.00,Short,$566.44,Yes,$36.45,,,,,,,,
GWPH,GW PHARMACEUTIC PLC F SPONSORED ADR 1 ADR REPS 12 ORD SHS,12/14/2020,11/27/2020,10,$120.35,$130.10,$1203.52,$1301.00,-$97.48,-7.49%,,-$97.48,Short,$1301.00,No,,,,,,,,,
NVAX,NOVAVAX INC,12/03/2020,11/27/2020,13,$127.89,$129.20,$1662.56,$1679.60,$0.00,0.00%,,$0.00,Short,$1679.60,Yes,$17.04,,,,,,,,
NIO,N I O INC F SPONSORED ADR 1 ADR REPS ORD SHS,12/03/2020,11/19/2020,14,$46.98,$48.17,$657.74,$674.38,-$16.64,-2.47%,,-$16.64,Short,$674.38,No,,,,,,,,,
BLCM,BELLICUM PHARMACEUTICALS,12/03/2020,11/30/2020,340,$3.03,$3.68,$1029.40,$1251.20,-$221.80,-17.73%,,-$221.80,Short,$1251.20,No,,,,,,,,,
BE,BLOOM ENERGY CORP,12/02/2020,11/19/2020,50,$22.59,$19.38,$1129.48,$969.00,$160.48,16.56%,,$160.48,Short,$969.00,No,,,,,,,,,
BTGN,BITCOIN GENERATION INC,11/30/2020,10/22/2020,411,$0.60,$1.15,$246.60,$472.65,-$226.05,-47.83%,,-$226.05,Short,$472.65,No,,,$943.85,-$343.86,-36.43%,,,,-36.43%
BTGN,BITCOIN GENERATION INC,11/30/2020,10/22/2020,139,$0.64,$1.15,$88.96,$159.85,-$70.89,-44.35%,,-$70.89,Short,$159.85,No,,,,,,,,,
BTGN,BITCOIN GENERATION INC,11/30/2020,10/22/2020,589,$0.60,$0.80,$353.39,$471.20,-$117.81,-25.00%,,-$117.81,Short,$471.20,No,,,$943.85,-$343.86,-36.43%,,,,-36.43%
BTGN,BITCOIN GENERATION INC,11/30/2020,10/22/2020,800,$0.60,$1.15,$479.99,$920.00,-$440.01,-47.83%,,-$440.01,Short,$920.00,No,,,,,,,,,
BTGN,BITCOIN GENERATION INC,11/30/2020,10/22/2020,35,$0.60,$0.80,$21.00,$28.00,-$7.00,-25.00%,,-$7.00,Short,$28.00,No,,,,,,,,,
BTGN,BITCOIN GENERATION INC,11/30/2020,10/22/2020,25,$0.60,$0.80,$15.00,$20.00,-$5.00,-25.00%,,-$5.00,Short,$20.00,No,,,,,,,,,
JMIA 01/15/2021 20.00 C,CALL JUMIA TECHNOLOGIES $20 EXP 01/15/21,11/27/2020,11/19/2020,1,$16.99,$6.31,$1699.31,$630.65,$1068.66,169.45%,,$1068.66,Short,$630.65,No,,,,,,,,,
SAGE 12/18/2020 55.00 C,CALL SAGE THERAPEUTICS $55 EXP 12/18/20,11/27/2020,08/31/2020,1,$19.19,$7.45,$1919.31,$744.65,$1174.66,157.75%,,$1174.66,Short,$744.65,No,,,,,,,,,
SEDG 12/18/2020 260.00 C,CALL SOLAREDGE TECH $260 EXP 12/18/20,11/27/2020,11/20/2020,1,$37.99,$16.81,$3799.27,$1680.65,$2118.62,126.06%,,$2118.62,Short,$1680.65,No,,,,,,,,,
TSLA 12/18/2020 550.00 C,CALL TESLA INC $550 EXP 12/18/20,11/27/2020,08/31/2020,1,$69.09,$65.61,$6909.20,$6560.65,$348.55,5.31%,,$348.55,Short,$6560.65,No,,,,,,,,,
BTGN,BITCOIN GENERATION INC,11/27/2020,10/22/2020,1,$0.60,$0.80,$0.60,$0.80,-$0.20,-25.00%,,-$0.20,Short,$0.80,No,,,,,,,,,
ACB 12/04/2020 9.00 P,PUT AURORA CANNABIS INC $9 EXP 12/04/20,11/25/2020,11/24/2020,1,$0.98,$1.06,$98.35,$105.65,-$7.30,-6.91%,,-$7.30,Short,$105.65,No,,,,,,,,,
AAPL,APPLE INC,11/25/2020,08/20/2020,25,$116.00,$105.19,$2899.97,$2629.79,$270.18,10.27%,,$270.18,Short,$2629.79,No,,,,,,,,,
GTBIF,GREEN THUMB INDS INC F,11/24/2020,10/08/2020,45,$19.40,$14.89,$872.98,$670.18,$202.80,30.26%,,$202.80,Short,$670.18,No,,,,,,,,,
CURLF,CURALEAF HOLDINGS INC F,11/24/2020,10/08/2020,50,$10.32,$7.90,$515.99,$395.00,$120.99,30.63%,,$120.99,Short,$395.00,No,,,,,,,,,
SE 12/18/2020 175.00 C,CALL SEA LTD $175 EXP 12/18/20,11/24/2020,10/27/2020,1,$9.49,$13.61,$949.33,$1360.65,-$411.32,-30.23%,,-$411.32,Short,$1360.65,No,,,,,,,,,
PLUG,PLUG POWER INC,11/24/2020,11/23/2020,20,$26.83,$25.23,$536.59,$504.58,$32.01,6.34%,,$32.01,Short,$504.58,No,,,,,,,,,
NIO,N I O INC F SPONSORED ADR 1 ADR REPS ORD SHS,11/24/2020,11/19/2020,7,$53.65,$48.17,$375.54,$337.19,$38.35,11.37%,,$38.35,Short,$337.19,No,,,,,,,,,
BE,BLOOM ENERGY CORP,11/24/2020,11/19/2020,1,$24.79,$19.38,$24.79,$19.38,$5.41,27.92%,,$5.41,Short,$19.38,No,,,$774.45,$464.95,60.04%,,,,60.04%
BE,BLOOM ENERGY CORP,11/24/2020,11/19/2020,9,$24.79,$19.38,$223.09,$174.42,$48.67,27.90%,,$48.67,Short,$174.42,No,,,$774.45,$464.95,60.04%,,,,60.04%
PLTR,PALANTIR TECHNOLOGIES IN CLASS A,11/24/2020,11/19/2020,20,$22.96,$18.72,$459.19,$374.40,$84.79,22.65%,,$84.79,Short,$374.40,No,,,,,,,,,
AAPL,APPLE INC,11/24/2020,08/20/2020,50,$113.75,$105.19,$5687.37,$5259.59,$427.78,8.13%,,$427.78,Short,$5259.59,No,,,,,,,,,
BE,BLOOM ENERGY CORP,11/24/2020,11/03/2020,40,$24.79,$14.52,$991.52,$580.65,$410.87,70.76%,,$410.87,Short,$580.65,No,,,$774.45,$464.95,60.04%,,,,60.04%
BDSI 03/19/2021 3.00 C,CALL BIODELIVERY SCI INT $3 EXP 03/19/21,11/23/2020,09/01/2020,3,$1.13,$1.91,$340.00,$571.99,-$231.99,-40.56%,,-$231.99,Short,$571.99,No,,,,,,,,,
SAIL 12/18/2020 45.00 C,CALL SAILPOINT TECHNOLOG $45 EXP 12/18/20,11/23/2020,09/02/2020,1,$1.39,$3.01,$139.35,$300.65,-$161.30,-53.65%,,-$161.30,Short,$300.65,No,,,,,,,,,
NVDA 12/18/2020 590.00 C,CALL NVIDIA CORP $590 EXP 12/18/20,11/23/2020,10/19/2020,1,$4.49,$28.01,$449.34,$2800.65,-$2351.31,-83.96%,,-$2351.31,Short,$2800.65,No,,,,,,,,,
BZUN 01/15/2021 45.00 C,CALL BAOZUN INC $45 EXP 01/15/21,11/23/2020,09/02/2020,1,$1.19,$5.91,$119.35,$590.65,-$471.30,-79.79%,,-$471.30,Short,$590.65,No,,,,,,,,,
FSLY 12/18/2020 125.00 C,CALL FASTLY INC $125 EXP 12/18/20,11/20/2020,10/07/2020,1,$0.56,$16.01,$56.35,$1600.65,-$1544.30,-96.48%,,-$1544.30,Short,$1600.65,No,,,,,,,,,
CUE 01/15/2021 17.50 C,CALL CUE BIOPHARMA INC $17.5 EXP 01/15/21,11/20/2020,09/01/2020,2,$0.04,$4.01,$8.67,$801.34,-$792.67,-98.92%,,-$792.67,Short,$801.34,No,,,,,,,,,
AAPL,APPLE INC,11/20/2020,08/20/2020,25,$118.72,$105.19,$2967.95,$2629.79,$338.16,12.86%,,$338.16,Short,$2629.79,No,,,,,,,,,
PFPT 02/19/2021 135.00 C,CALL PROOFPOINT INC $135 EXP 02/19/21,11/20/2020,09/02/2020,1,$0.21,$7.10,$21.35,$709.65,-$688.30,-96.99%,,-$688.30,Short,$709.65,No,,,,,,,,,
INVA,INNOVIVA INC,11/19/2020,10/29/2020,100,$11.02,$9.88,$1102.48,$988.47,$114.01,11.53%,,$114.01,Short,$988.47,No,,,,,,,,,
OVID 01/15/2021 7.50 C,CALL OVID THERAPEUTICS I $7.5 EXP 01/15/21,11/19/2020,09/02/2020,1,$1.54,$1.66,$154.35,$165.65,-$11.30,-6.82%,,-$11.30,Short,$165.65,No,,,,,,,,,
CRNT 12/18/2020 2.50 C,CALL CERAGON NETWORKS LT $2.5 EXP 12/18/20,11/19/2020,09/02/2020,10,$0.11,$0.21,$113.37,$206.67,-$93.30,-45.14%,,-$93.30,Short,$206.67,No,,,,,,,,,
NTLA 01/15/2021 25.00 C,CALL INTELLIA THERAPEUTI $25 EXP 01/15/21,11/19/2020,09/23/2020,1,$5.59,$3.41,$559.34,$340.65,$218.69,64.20%,,$218.69,Short,$340.65,No,,,,,,,,,
MU 01/15/2021 45.00 C,CALL MICRON TECHNOLOGY $45 EXP 01/15/21,11/19/2020,09/01/2020,1,$15.99,$5.70,$1599.31,$569.65,$1029.66,180.75%,,$1029.66,Short,$569.65,No,,,,,,,,,
ANTM 12/18/2020 320.00 C,CALL ANTHEM INC $320 EXP 12/18/20,11/19/2020,09/02/2020,1,$8.59,$6.81,$859.33,$680.65,$178.68,26.25%,,$178.68,Short,$680.65,No,,,,,,,,,
NLS 12/18/2020 10.00 C,CALL NAUTILUS INC $10 EXP 12/18/20,11/19/2020,09/01/2020,1,$8.99,$3.61,$899.33,$360.65,$538.68,149.36%,,$538.68,Short,$360.65,No,,,,,,,,,
WKHS 01/15/2021 20.00 C,CALL WORKHORSE GROUP INC $20 EXP 01/15/21,11/19/2020,09/01/2020,1,$5.99,$6.11,$599.34,$610.65,-$11.31,-1.85%,,-$11.31,Short,$610.65,No,,,,,,,,,
PLUG 12/18/2020 12.00 C,CALL PLUG POWER INC $12 EXP 12/18/20,11/19/2020,09/28/2020,1,$12.39,$2.61,$1239.32,$260.67,$978.65,375.44%,,$978.65,Short,$260.67,No,,,,,,,,,
NXST 01/15/2021 105.00 C,CALL NEXSTAR MEDIA GROUP $105 EXP 01/15/21,11/19/2020,09/02/2020,1,$5.89,$8.04,$589.32,$803.65,-$214.33,-26.67%,,-$214.33,Short,$803.65,No,,,$1354.30,-$175.66,-12.97%,,,,-12.97%
NXST 01/15/2021 105.00 C,CALL NEXSTAR MEDIA GROUP $105 EXP 01/15/21,11/19/2020,09/23/2020,1,$5.89,$5.51,$589.32,$550.65,$38.67,7.02%,,$38.67,Short,$550.65,No,,,$1354.30,-$175.66,-12.97%,,,,-12.97%
NLS 12/18/2020 10.00 C,CALL NAUTILUS INC $10 EXP 12/18/20,11/10/2020,09/01/2020,1,$9.65,$3.61,$965.33,$360.65,$604.68,167.66%,,$604.68,Short,$360.65,No,,,,,,,,,
ALT 03/19/2021 16.00 C,CALL ALTIMMUNE INC $16 EXP 03/19/21,11/09/2020,09/02/2020,1,$0.76,$6.01,$76.35,$600.65,-$524.30,-87.29%,,-$524.30,Short,$600.65,No,,,,,,,,,
KMX 11/20/2020 115.00 C,CALL CARMAX INC $115 EXP 11/20/20,11/09/2020,09/23/2020,1,$0.09,$4.91,$9.35,$490.65,-$481.30,-98.09%,,-$481.30,Short,$490.65,No,,,,,,,,,
ZM 10/23/2020 570.00 C,CALL ZOOM VIDEO COMMUNIC $570 EXP 10/23/20,10/23/2020,09/23/2020,1,$0.00,$29.01,$0.00,$2900.65,-$2900.65,-100.00%,,-$2900.65,Short,$2900.65,No,,,,,,,,,
LX 02/19/2021 7.50 C,CALL LEXINFINTECH HOLDIN $7.5 EXP 02/19/21,10/23/2020,09/02/2020,1,$1.59,$1.86,$159.35,$185.65,-$26.30,-14.17%,,-$26.30,Short,$185.65,No,,,,,,,,,
BLDP 02/19/2021 16.00 C,CALL BALLARD POWER SYS $16 EXP 02/19/21,10/22/2020,09/02/2020,1,$2.79,$3.91,$279.34,$390.65,-$111.31,-28.49%,,-$111.31,Short,$390.65,No,,,,,,,,,
TWOU 12/18/2020 45.00 C,CALL 2U INC $45 EXP 12/18/20,10/22/2020,09/02/2020,1,$0.94,$6.21,$94.35,$620.65,-$526.30,-84.80%,,-$526.30,Short,$620.65,No,,,,,,,,,
NIO 11/27/2020 29.00 C,CALL N I O INC $29 EXP 11/27/20,10/22/2020,10/14/2020,1,$2.49,$3.36,$249.34,$335.65,-$86.31,-25.71%,,-$86.31,Short,$335.65,No,,,,,,,,,
JD 12/18/2020 85.00 C,CALL JD COM INC $85 EXP 12/18/20,10/22/2020,09/01/2020,1,$4.39,$7.61,$439.34,$760.65,-$321.31,-42.24%,,-$321.31,Short,$760.65,No,,,,,,,,,
LLNW 12/18/2020 4.00 C,CALL LIMELIGHT NETWORKS $4 EXP 12/18/20,10/22/2020,09/02/2020,1,$2.24,$2.16,$224.35,$215.65,$8.70,4.03%,,$8.70,Short,$215.65,No,,,,,,,,,
MGPHF,MASON GRAPHITE INC F,10/22/2020,10/08/2020,4750,$0.18,$0.21,$845.34,$1005.62,-$160.28,-15.94%,,-$160.28,Short,$1005.62,No,,,,,,,,,
SYAAF,SYRAH RESOURCES LI ORDF,10/22/2020,10/19/2020,3400,$0.33,$0.38,$1132.35,$1308.00,$0.00,0.00%,,$0.00,Short,$1308.00,Yes,$175.65,,,,,,,,
NLS,NAUTILUS INC,10/22/2020,10/19/2020,100,$25.57,$25.50,$2557.38,$2550.00,$7.38,0.29%,,$7.38,Short,$2550.00,No,,,,,,,,,
EGHT 12/18/2020 17.50 C,CALL 8X8 INC $17.5 EXP 12/18/20,10/22/2020,09/02/2020,1,$1.22,$2.21,$122.35,$220.65,-$98.30,-44.55%,,-$98.30,Short,$220.65,No,,,,,,,,,
AAPL,APPLE INC,10/22/2020,08/20/2020,25,$117.11,$105.19,$2927.82,$2629.79,$298.03,11.33%,,$298.03,Short,$2629.79,No,,,,,,,,,
HEAR 01/15/2021 20.00 C,CALL TURTLE BEACH CORP $20 EXP 01/15/21,10/22/2020,09/02/2020,1,$2.09,$4.48,$209.35,$447.65,-$238.30,-53.23%,,-$238.30,Short,$447.65,No,,,,,,,,,
GBTC,GRAYSCALE BITCOIN TR BTC,10/22/2020,10/21/2020,100,$14.66,$14.45,$1465.97,$1445.00,$20.97,1.45%,,$20.97,Short,$1445.00,No,,,,,,,,,
LLNW 03/19/2021 5.00 C,CALL LIMELIGHT NETWORKS $5 EXP 03/19/21,10/22/2020,10/01/2020,1,$2.19,$1.76,$219.35,$175.65,$43.70,24.88%,,$43.70,Short,$175.65,No,,,,,,,,,
ENPH,ENPHASE ENERGY INC,10/21/2020,10/09/2020,2,$106.57,$110.33,$213.13,$220.67,-$7.54,-3.42%,,-$7.54,Short,$220.67,No,,,,,,,,,
ENPH,ENPHASE ENERGY INC,10/21/2020,10/09/2020,8,$106.59,$110.33,$852.70,$882.68,-$29.98,-3.40%,,-$29.98,Short,$882.68,No,,,,,,,,,
PLUG 12/18/2020 12.00 C,CALL PLUG POWER INC $12 EXP 12/18/20,10/16/2020,09/28/2020,1,$4.89,$2.61,$489.34,$260.67,$228.67,87.72%,,$228.67,Short,$260.67,No,,,,,,,,,
BILI 01/15/2021 50.00 C,CALL BILIBILI INC $50 EXP 01/15/21,10/16/2020,08/13/2020,1,$3.19,$4.26,$319.34,$425.65,-$106.31,-24.98%,,-$106.31,Short,$425.65,No,,,,,,,,,
PTON 01/15/2021 110.00 C,CALL PELOTON INTERACTIVE $110 EXP 01/15/21,10/16/2020,09/02/2020,1,$30.99,$15.51,$3099.28,$1550.65,$1548.63,99.87%,,$1548.63,Short,$1550.65,No,,,,,,,,,
SE 12/18/2020 160.00 C,CALL SEA LTD $160 EXP 12/18/20,10/16/2020,10/05/2020,1,$20.49,$17.21,$2049.30,$1720.65,$328.65,19.10%,,$328.65,Short,$1720.65,No,,,,,,,,,
ARKK 10/16/2020 97.00 C,CALL ARK ETF TR INNOVATI $97 EXP 10/16/20,10/16/2020,08/31/2020,1,$5.79,$5.08,$579.34,$507.65,$71.69,14.12%,,$71.69,Short,$507.65,No,,,,,,,,,
NLS 12/18/2020 15.00 C,CALL NAUTILUS INC $15 EXP 12/18/20,10/16/2020,10/12/2020,1,$9.19,$8.31,$919.33,$830.65,$88.68,10.68%,,$88.68,Short,$830.65,No,,,,,,,,,
BYDDY,BYD CO LTD F SPONSORED ADR 1 ADR REPS 2 ORD SHS,10/09/2020,09/30/2020,65,$32.22,$32.50,$2094.25,$2112.50,-$18.25,-0.86%,,-$18.25,Short,$2112.50,No,,,,,,,,,
AAPL,APPLE INC,10/08/2020,08/20/2020,25,$116.27,$105.19,$2906.69,$2629.79,$276.90,10.53%,,$276.90,Short,$2629.79,No,,,,,,,,,
BOXL,BOXLIGHT CORP 00500 CLASS A,10/08/2020,10/05/2020,1000,$1.94,$2.05,$1939.96,$2045.50,-$105.54,-5.16%,,-$105.54,Short,$2045.50,No,,,,,,,,,
SPY 10/05/2020 323.00 P,PUT SPDR S&P 500 $323 EXP 10/05/20,10/05/2020,09/24/2020,1,$0.00,$5.56,$0.00,$555.65,-$555.65,-100.00%,,-$555.65,Short,$555.65,No,,,,,,,,,
NVDA,NVIDIA CORP,10/01/2020,09/30/2020,10,$542.69,$542.81,$5426.88,$5428.10,-$1.22,-0.02%,,-$1.22,Short,$5428.10,No,,,,,,,,,
TSLA,TESLA INC,09/24/2020,08/20/2020,15,$354.99,$372.00,$5324.88,$5579.97,$0.00,0.00%,,$0.00,Short,$5579.97,Yes,$255.09,,,,,,,,
TSLA,TESLA INC,09/23/2020,06/24/2020,10,$386.96,$194.08,$3869.58,$1940.84,$1928.74,99.38%,,$1928.74,Short,$1940.84,No,,,,,,,,,
AAPL,APPLE INC,09/23/2020,08/20/2020,25,$109.34,$105.19,$2733.44,$2629.79,$103.65,3.94%,,$103.65,Short,$2629.79,No,,,,,,,,,
KCAC,KENSINGTON CAPITAL ACQ C LASS A,09/22/2020,09/04/2020,7,$19.40,$21.30,$135.83,$149.10,-$13.27,-8.90%,,-$13.27,Short,$149.10,No,,,$1042.87,$102.00,9.78%,,,,9.78%
KCAC,KENSINGTON CAPITAL ACQ C LASS A,09/22/2020,09/03/2020,35,$19.40,$17.16,$679.16,$600.70,$78.46,13.06%,,$78.46,Short,$600.70,No,,,$1042.87,$102.00,9.78%,,,,9.78%
KCAC,KENSINGTON CAPITAL ACQ CLASS A,09/22/2020,09/03/2020,17,$19.40,$17.24,$329.88,$293.07,$36.81,12.56%,,$36.81,Short,$293.07,No,,,$1042.87,$102.00,9.78%,,,,9.78%
LSCC 12/18/2020 30.00 C,CALL LATTICE SEMICONDUCT $30 EXP 12/18/20,09/03/2020,09/02/2020,1,$3.09,$3.71,$309.34,$370.65,-$61.31,-16.54%,,-$61.31,Short,$370.65,No,,,,,,,,,
DAN 12/18/2020 13.00 C,CALL DANA HOLDING CORP 0 $13 EXP 12/18/20,09/03/2020,09/02/2020,1,$2.64,$2.71,$264.34,$270.65,-$6.31,-2.33%,,-$6.31,Short,$270.65,No,,,,,,,,,
AXL 01/15/2021 7.00 C,CALL AMERICAN AXLE & MFG $7 EXP 01/15/21,09/03/2020,09/02/2020,1,$2.21,$2.21,$221.35,$220.65,$0.70,0.32%,,$0.70,Short,$220.65,No,,,,,,,,,
WORK 12/18/2020 35.00 C,CALL SLACK TECHNOLOGIES $35 EXP 12/18/20,09/03/2020,09/01/2020,1,$4.29,$5.80,$429.34,$579.65,-$150.31,-25.93%,,-$150.31,Short,$579.65,No,,,,,,,,,
ARKG 09/18/2020 63.00 C,CALL ARK ETF TR GENOMIC $63 EXP 09/18/20,09/02/2020,08/27/2020,2,$1.24,$1.76,$248.65,$351.34,-$102.69,-29.23%,,-$102.69,Short,$351.34,No,,,,,,,,,
PTON,PELOTON INTERACTIVE INC,09/02/2020,09/02/2020,4,$90.76,$90.48,$363.05,$361.94,$1.11,0.31%,,$1.11,Short,$361.94,No,,,,,,,,,
AAPL,APPLE INC,09/02/2020,08/20/2020,50,$137.58,$105.19,$6878.85,$5259.58,$1619.27,30.79%,,$1619.27,Short,$5259.58,No,,,,,,,,,
PLUG 09/04/2020 11.00 C,CALL PLUG POWER INC $11 EXP 09/04/20,09/02/2020,08/13/2020,1,$2.14,$1.20,$214.35,$119.65,$94.70,79.15%,,$94.70,Short,$119.65,No,,,,,,,,,
NTLA 01/15/2021 20.00 C,CALL INTELLIA THERAPEUTI $20 EXP 01/15/21,09/02/2020,09/01/2020,1,$5.09,$6.21,$509.34,$620.65,-$111.31,-17.93%,,-$111.31,Short,$620.65,No,,,,,,,,,
AAPL,APPLE INC,08/31/2020,08/20/2020,47,$129.56,$105.19,$6089.19,$4944.01,$1145.18,23.16%,,$1145.18,Short,$4944.01,No,,,,,,,,,
AAPL,APPLE INC,08/31/2020,08/20/2020,1,$129.56,$105.19,$129.56,$105.19,$24.37,23.17%,,$24.37,Short,$105.19,No,,,,,,,,,
NVDA,NVIDIA CORP,08/31/2020,08/06/2020,1,$524.80,$512.61,$524.80,$512.61,$12.19,2.38%,,$12.19,Short,$512.61,No,,,$5079.11,$168.93,3.33%,,,,3.33%
NVDA,NVIDIA CORP,08/31/2020,08/24/2020,9,$524.80,$507.91,$4723.24,$4571.20,$152.04,3.33%,,$152.04,Short,$4571.20,No,,,$5079.11,$168.93,3.33%,,,,3.33%
AAPL,APPLE INC,08/31/2020,08/20/2020,100,$127.32,$105.19,$12731.57,$10519.16,$2212.41,21.03%,,$2212.41,Short,$10519.16,No,,,,,,,,,
AAPL,APPLE INC,08/31/2020,08/20/2020,2,$129.56,$105.19,$259.11,$210.38,$48.73,23.16%,,$48.73,Short,$210.38,No,,,,,,,,,
CRM 09/04/2020 280.00 C,CALL SALESFORCE COM $280 EXP 09/04/20,08/28/2020,08/26/2020,1,$3.64,$9.51,$364.34,$950.65,-$586.31,-61.67%,,-$586.31,Short,$950.65,No,,,,,,,,,
GOLD 09/25/2020 28.00 C,CALL BARRICK GOLD CORP $28 EXP 09/25/20,08/24/2020,08/07/2020,1,$1.90,$2.70,$190.35,$269.65,-$79.30,-29.41%,,-$79.30,Short,$269.65,No,,,,,,,,,
WPM 09/25/2020 49.00 C,CALL WHEATON PRECIOUS ME $49 EXP 09/25/20,08/24/2020,08/07/2020,1,$3.79,$7.71,$379.34,$770.65,-$391.31,-50.78%,,-$391.31,Short,$770.65,No,,,,,,,,,
SHOP,SHOPIFY INC F CLASS A,08/24/2020,04/23/2020,2,$999.05,$636.00,$1998.09,$1272.00,$726.09,57.08%,,$726.09,Short,$1272.00,No,,,,,,,,,
FVRR 10/16/2020 120.00 C,CALL FIVERR INTERNTNL LT $120 EXP 10/16/20,08/24/2020,08/21/2020,1,$9.65,$11.93,$965.33,$1192.65,-$227.32,-19.06%,,-$227.32,Short,$1192.65,No,,,,,,,,,
TTWO 09/18/2020 175.00 C,CALL TAKE TWO INTERACTV $175 EXP 09/18/20,08/24/2020,08/07/2020,1,$4.36,$7.91,$436.34,$790.65,-$354.31,-44.81%,,-$354.31,Short,$790.65,No,,,,,,,,,
ETSY 09/04/2020 125.00 C,CALL ETSY INC $125 EXP 09/04/20,08/24/2020,08/13/2020,1,$7.28,$9.81,$728.33,$980.65,-$252.32,-25.73%,,-$252.32,Short,$980.65,No,,,,,,,,,
TWOU 10/16/2020 45.00 C,CALL 2U INC $45 EXP 10/16/20,08/24/2020,08/07/2020,1,$1.29,$4.11,$129.35,$410.65,-$281.30,-68.50%,,-$281.30,Short,$410.65,No,,,,,,,,,
VSLR 10/16/2020 20.00 C,CALL VIVINT SOLAR INC $20 EXP 10/16/20,08/24/2020,08/06/2020,1,$8.39,$6.91,$839.33,$690.65,$148.68,21.53%,,$148.68,Short,$690.65,No,,,,,,,,,
CRNT 08/21/2020 2.50 C,CALL CERAGON NETWORKS LT $2.5 EXP 08/21/20,08/21/2020,07/31/2020,2,$0.00,$0.36,$0.00,$71.34,-$71.34,-100.00%,,-$71.34,Short,$71.34,No,,,,,,,,,
DXCM 08/21/2020 460.00 C,CALL DEXCOM INC $460 EXP 08/21/20,08/21/2020,08/07/2020,1,$0.00,$10.61,$0.00,$1060.65,-$1060.65,-100.00%,,-$1060.65,Short,$1060.65,No,,,,,,,,,
LX 08/21/2020 7.50 C,CALL LEXINFINTECH HOLDIN $7.5 EXP 08/21/20,08/20/2020,07/31/2020,1,$0.59,$1.01,$59.35,$100.65,-$41.30,-41.03%,,-$41.30,Short,$100.65,No,,,,,,,,,
AAPL 08/21/2020 415.00 C,CALL APPLE INC $415 EXP 08/21/20,08/20/2020,08/06/2020,1,$49.99,$31.51,$4999.24,$3150.65,$1848.59,58.67%,,$1848.59,Short,$3150.65,No,,,,,,,,,
ALT 08/21/2020 22.50 C,CALL ALTIMMUNE INC $22.5 EXP 08/21/20,08/20/2020,07/30/2020,1,$2.39,$4.51,$239.34,$450.65,-$211.31,-46.89%,,-$211.31,Short,$450.65,No,,,,,,,,,
CHGG 08/21/2020 80.00 C,CALL CHEGG INC $80 EXP 08/21/20,08/20/2020,07/31/2020,1,$0.44,$6.37,$44.35,$636.65,-$592.30,-93.03%,,-$592.30,Short,$636.65,No,,,,,,,,,
SGDJ,SPROTT JUNIOR GOLD MINERS ETF,08/20/2020,07/09/2020,25,$46.56,$40.64,$1164.10,$1016.00,$148.10,14.58%,,$148.10,Short,$1016.00,No,,,,,,,,,
EGHT,8X8 INC,08/17/2020,08/06/2020,20,$15.88,$16.51,$317.59,$330.20,-$12.61,-3.82%,,-$12.61,Short,$330.20,No,,,$1235.80,-$44.82,-3.63%,,,,-3.63%
IIPR,INNOVATIVE INDUSTRIAL PR REIT,08/17/2020,07/24/2020,14,$119.86,$96.17,$1677.97,$1346.38,$331.59,24.63%,,$331.59,Short,$1346.38,No,,,,,,,,,
INSG,INSEEGO CORP,08/17/2020,07/24/2020,135,$12.04,$10.90,$1625.02,$1471.50,$153.52,10.43%,,$153.52,Short,$1471.50,No,,,,,,,,,
EGHT,8X8 INC,08/17/2020,07/05/2020,55,$15.88,$16.47,$873.39,$905.60,-$32.21,-3.56%,,-$32.21,Short,$905.60,No,,,$1235.80,-$44.82,-3.63%,,,,-3.63%
BDSI,BIODELIVERY SCI INTL,08/17/2020,07/27/2020,250,$5.27,$4.05,$1318.72,$1012.50,$306.22,30.24%,,$306.22,Short,$1012.50,No,,,,,,,,,
TSM,TAIWAN SEMICONDUCTR F SPONSORED ADR 1 ADR REPS 5 ORD SHS,08/17/2020,07/24/2020,18,$80.73,$71.54,$1453.11,$1287.72,$165.39,12.84%,,$165.39,Short,$1287.72,No,,,,,,,,,
CUE,CUE BIOPHARMA INC,08/17/2020,08/06/2020,65,$20.89,$20.56,$1357.83,$1336.40,$21.43,1.60%,,$21.43,Short,$1336.40,No,,,,,,,,,
SQ,SQUARE INC CLASS A,08/17/2020,07/06/2020,8,$148.49,$118.81,$1187.90,$950.52,$237.38,24.97%,,$237.38,Short,$950.52,No,,,$1189.38,$295.50,24.84%,,,,24.84%
IMMU,IMMUNOMEDICS INC,08/17/2020,08/06/2020,7,$41.69,$44.31,$291.86,$310.17,-$18.31,-5.90%,,-$18.31,Short,$310.17,No,,,$1148.90,-$23.15,-2.01%,,,,-2.01%
SAIL,SAILPOINT TECHNOLOGIES,08/17/2020,08/06/2020,9,$36.60,$31.57,$329.41,$284.13,$45.28,15.94%,,$45.28,Short,$284.13,No,,,$1318.58,$365.07,27.69%,,,,27.69%
SQ,SQUARE INC CLASS A,08/17/2020,07/06/2020,2,$148.49,$119.43,$296.98,$238.86,$58.12,24.33%,,$58.12,Short,$238.86,No,,,$1189.38,$295.50,24.84%,,,,24.84%
IMMU,IMMUNOMEDICS INC,08/17/2020,07/09/2020,20,$41.69,$41.94,$833.89,$838.73,-$4.84,-0.58%,,-$4.84,Short,$838.73,No,,,$1148.90,-$23.15,-2.01%,,,,-2.01%
CRSP,CRISPR THERAPEUTICS F,08/17/2020,07/06/2020,10,$91.56,$84.44,$915.58,$844.36,$71.22,8.43%,,$71.22,Short,$844.36,No,,,$1228.32,$53.49,4.35%,,,,4.35%
CRNT,CERAGON NETWORKS LTD F,08/17/2020,06/27/2020,100,$2.50,$2.22,$250.00,$221.77,$28.23,12.73%,,$28.23,Short,$221.77,No,,,$1175.18,$137.34,11.69%,,,,11.69%
DOGEF,ORSTED A/S ORDF,08/17/2020,07/09/2020,8,$135.65,$136.32,$1085.20,$1090.56,-$5.36,-0.49%,,-$5.36,Short,$1090.56,No,,,,,,,,,
CRNT,CERAGON NETWORKS LTD F,08/17/2020,07/09/2020,174.3802,$2.50,$2.16,$435.96,$376.66,$59.30,15.74%,,$59.30,Short,$376.66,No,,,$1175.18,$137.34,11.69%,,,,11.69%
CRNT,CERAGON NETWORKS LTD F,08/17/2020,08/06/2020,12,$2.50,$2.72,$30.00,$32.64,-$2.64,-8.09%,,-$2.64,Short,$32.64,No,,,$1175.18,$137.34,11.69%,,,,11.69%
BYDDY,BYD CO LTD F SPONSORED ADR 1 ADR REPS 2 ORD SHS,08/17/2020,07/30/2020,70,$18.53,$18.78,$1296.79,$1314.60,-$17.81,-1.35%,,-$17.81,Short,$1314.60,No,,,,,,,,,
CRNT,CERAGON NETWORKS LTD F,08/17/2020,07/03/2020,142.62,$2.50,$2.19,$356.56,$312.18,$44.38,14.22%,,$44.38,Short,$312.18,No,,,$1175.18,$137.34,11.69%,,,,11.69%
CRNT,CERAGON NETWORKS LTD F,08/17/2020,06/27/2020,50,$2.50,$2.22,$125.00,$110.89,$14.11,12.72%,,$14.11,Short,$110.89,No,,,$1175.18,$137.34,11.69%,,,,11.69%
CRNT,CERAGON NETWORKS LTD F,08/17/2020,07/03/2020,1.9998,$2.50,$2.19,$5.00,$4.38,$0.62,14.16%,,$0.62,Short,$4.38,No,,,$1175.18,$137.34,11.69%,,,,11.69%
CRNT,CERAGON NETWORKS LTD F,08/17/2020,08/06/2020,38,$2.50,$2.72,$95.00,$103.36,-$8.36,-8.09%,,-$8.36,Short,$103.36,No,,,$1175.18,$137.34,11.69%,,,,11.69%
TTD,THE TRADE DESK INC CLASS A,08/17/2020,08/06/2020,1,$471.54,$503.29,$471.54,$503.29,-$31.75,-6.31%,,-$31.75,Short,$503.29,No,,,$2511.96,-$154.26,-6.14%,,,,-6.14%
TTD,THE TRADE DESK INC CLASS A,08/17/2020,08/06/2020,1,$471.54,$502.80,$471.54,$502.80,-$31.26,-6.22%,,-$31.26,Short,$502.80,No,,,$2511.96,-$154.26,-6.14%,,,,-6.14%
CRNT,CERAGON NETWORKS LTD F,08/17/2020,06/27/2020,6,$2.50,$2.22,$15.00,$13.30,$1.70,12.78%,,$1.70,Short,$13.30,No,,,$1175.18,$137.34,11.69%,,,,11.69%
CRSP,CRISPR THERAPEUTICS F,08/17/2020,08/06/2020,4,$91.56,$95.99,$366.23,$383.96,-$17.73,-4.62%,,-$17.73,Short,$383.96,No,,,$1228.32,$53.49,4.35%,,,,4.35%
OROCF,OROCOBRE LTD ORD F AUSTRALIAN SHARES,08/17/2020,08/06/2020,75,$2.05,$2.96,$153.75,$221.75,-$68.00,-30.67%,,-$68.00,Short,$221.75,No,,,$1281.00,$0.25,0.02%,,,,0.02%
OROCF,OROCOBRE LTD ORD F AUSTR ALIAN SHARES,08/17/2020,07/09/2020,550,$2.05,$1.93,$1127.50,$1059.25,$68.25,6.44%,,$68.25,Short,$1059.25,No,,,$1281.00,$0.25,0.02%,,,,0.02%
TTD,THE TRADE DESK INC CLASS A,08/17/2020,08/06/2020,3,$471.54,$501.96,$1414.62,$1505.87,-$91.25,-6.06%,,-$91.25,Short,$1505.87,No,,,$2511.96,-$154.26,-6.14%,,,,-6.14%
INVA,INNOVIVA INC,08/17/2020,07/27/2020,100,$13.85,$13.29,$1385.47,$1329.00,$56.47,4.25%,,$56.47,Short,$1329.00,No,,,,,,,,,
CCHWF,COLUMBIA CARE INC F,08/17/2020,07/29/2020,50,$3.66,$3.23,$183.00,$161.45,$21.55,13.35%,,$21.55,Short,$161.45,No,,,,,,,,,
SE,SEA LTD F UNSPONSORED ADR 1 ADR REPS 1 ORD SHS,08/17/2020,07/27/2020,10,$131.43,$110.48,$1314.33,$1104.80,$209.53,18.97%,,$209.53,Short,$1104.80,No,,,,,,,,,
Z 09/04/2020 85.00 C,CALL ZILLOW GROUP INC $85 EXP 09/04/20,08/17/2020,08/07/2020,1,$1.29,$5.51,$129.35,$550.65,-$421.30,-76.51%,,-$421.30,Short,$550.65,No,,,,,,,,,
APPS 08/21/2020 12.50 C,CALL DIGITAL TURBINE INC $12.5 EXP 08/21/20,08/17/2020,07/31/2020,1,$13.29,$1.61,$1329.30,$160.65,$1168.65,727.45%,,$1168.65,Short,$160.65,No,,,$991.30,$1667.30,168.19%,,,,168.19%
ACRGF,ACREAGE HLDGS INC F,08/17/2020,07/30/2020,385,$3.09,$3.09,$1188.85,$1189.65,-$0.80,-0.07%,,-$0.80,Short,$1189.65,No,,,,,,,,,
APPS 08/21/2020 12.50 C,CALL DIGITAL TURBINE INC $12.5 EXP 08/21/20,08/17/2020,08/06/2020,1,$13.29,$8.31,$1329.30,$830.65,$498.65,60.03%,,$498.65,Short,$830.65,No,,,$991.30,$1667.30,168.19%,,,,168.19%
CCHWF,COLUMBIA CARE INC F,08/17/2020,07/29/2020,300,$3.72,$3.23,$1117.48,$968.70,$148.78,15.36%,,$148.78,Short,$968.70,No,,,,,,,,,
YI,ONE HUNDRED ONE INC F UNSPONSORED ADR 1 ADR REPS 2 ORD SHS,08/17/2020,08/06/2020,220,$6.62,$6.61,$1456.88,$1454.20,$2.68,0.18%,,$2.68,Short,$1454.20,No,,,,,,,,,
SAIL,SAILPOINT TECHNOLOGIES,08/17/2020,08/06/2020,1,$36.60,$31.57,$36.60,$31.57,$5.03,15.93%,,$5.03,Short,$31.57,No,,,$1318.58,$365.07,27.69%,,,,27.69%
LVGO,LIVONGO HEALTH INC,08/17/2020,07/09/2020,9,$124.25,$103.90,$1118.25,$935.10,$183.15,19.59%,,$183.15,Short,$935.10,No,,,$1203.10,$163.65,13.60%,,,,13.60%
LVGO,LIVONGO HEALTH INC,08/17/2020,08/06/2020,2,$124.25,$134.00,$248.50,$268.00,-$19.50,-7.28%,,-$19.50,Short,$268.00,No,,,$1203.10,$163.65,13.60%,,,,13.60%
SAIL,SAILPOINT TECHNOLOGIES,08/17/2020,07/07/2020,36,$36.60,$27.86,$1317.64,$1002.88,$314.76,31.39%,,$314.76,Short,$1002.88,No,,,$1318.58,$365.07,27.69%,,,,27.69%
GTBIF,GREEN THUMB INDS INC F,08/17/2020,07/29/2020,80,$15.95,$13.56,$1276.37,$1085.12,$191.25,17.62%,,$191.25,Short,$1085.12,No,,,,,,,,,
NET,CLOUDFLARE INC CLASS A,08/17/2020,07/30/2020,34,$38.88,$41.32,$1321.89,$1404.80,-$82.91,-5.90%,,-$82.91,Short,$1404.80,No,,,,,,,,,
SEDG,SOLAREDGE TECH,08/17/2020,07/24/2020,7,$219.71,$172.26,$1537.94,$1205.82,$332.12,27.54%,,$332.12,Short,$1205.82,No,,,,,,,,,
AEIS 08/21/2020 70.00 C,CALL ADVANCED ENERGY IND $70 EXP 08/21/20,08/13/2020,08/04/2020,1,$10.99,$7.01,$1099.33,$700.65,$398.68,56.90%,,$398.68,Short,$700.65,No,,,,,,,,,
ETHOF,ETHOS GOLD CORP F,08/13/2020,08/07/2020,6500,$0.20,$0.21,$1303.22,$1365.00,-$61.78,-4.53%,,-$61.78,Short,$1365.00,No,,,$1449.00,-$65.58,-4.53%,,,,-4.53%
MU,MICRON TECHNOLOGY,08/13/2020,08/06/2020,28,$46.64,$50.00,$1305.83,$1400.00,-$94.17,-6.73%,,-$94.17,Short,$1400.00,No,,,,,,,,,
FB 09/04/2020 272.50 C,CALL FACEBOOK INC $272.5 EXP 09/04/20,08/13/2020,08/07/2020,1,$5.99,$11.51,$599.34,$1150.65,-$551.31,-47.91%,,-$551.31,Short,$1150.65,No,,,,,,,,,
ETHOF,ETHOS GOLD CORP F,08/13/2020,08/07/2020,400,$0.20,$0.21,$80.20,$84.00,-$3.80,-4.52%,,-$3.80,Short,$84.00,No,,,$1449.00,-$65.58,-4.53%,,,,-4.53%
ANTM 09/04/2020 275.00 C,CALL ANTHEM INC $275 EXP 09/04/20,08/13/2020,08/07/2020,1,$11.19,$9.71,$1119.33,$970.65,$148.68,15.32%,,$148.68,Short,$970.65,No,,,,,,,,,
FSLY 08/14/2020 78.00 P,PUT FASTLY INC $78 EXP 0 8/14/20,08/12/2020,08/07/2020,1,$3.49,$4.55,$349.33,$454.65,-$105.32,-23.17%,,-$105.32,Short,$454.65,No,,,$1415.99,-$368.00,-25.99%,,,,-25.99%
FSLY 08/14/2020 78.00 P,PUT FASTLY INC $78 EXP 08/14/20,08/12/2020,08/07/2020,2,$3.49,$4.81,$698.66,$961.34,-$262.68,-27.32%,,-$262.68,Short,$961.34,No,,,$1415.99,-$368.00,-25.99%,,,,-25.99%
HEAR 10/16/2020 15.00 C,CALL TURTLE BEACH CORP $15 EXP 10/16/20,08/07/2020,08/06/2020,1,$3.99,$5.91,$399.34,$590.65,-$191.31,-32.39%,,-$191.31,Short,$590.65,No,,,,,,,,,
REGN 08/07/2020 625.00 C,CALL REGENERON PHARMS IN $625 EXP 08/07/20,08/07/2020,07/31/2020,1,$2.99,$19.01,$299.34,$1900.65,-$1601.31,-84.25%,,-$1601.31,Short,$1900.65,No,,,,,,,,,
BE 01/15/2021 18.00 C,CALL BLOOM ENERGY CORP $18 EXP 01/15/21,08/07/2020,07/23/2020,1,$1.84,$5.31,$184.35,$530.65,-$346.30,-65.26%,,-$346.30,Short,$530.65,No,,,,,,,,,
INSG 08/21/2020 12.50 C,CALL INSEEGO CORP $12.5 EXP 08/21/20,08/07/2020,07/31/2020,1,$0.84,$1.96,$84.35,$195.65,-$111.30,-56.89%,,-$111.30,Short,$195.65,No,,,,,,,,,
INSG 08/21/2020 15.00 P,PUT INSEEGO CORP $15 EXP 08/21/20,08/07/2020,08/06/2020,1,$3.09,$3.51,$309.34,$350.65,-$41.31,-11.78%,,-$41.31,Short,$350.65,No,,,,,,,,,
CWBHF,CHARLOTTES WEB HOLDING F,08/07/2020,07/28/2020,300,$3.30,$3.80,$990.90,$1140.00,-$149.10,-13.08%,,-$149.10,Short,$1140.00,No,,,,,,,,,
JMIA 09/18/2020 10.00 C,CALL JUMIA TECHNOLOGIES $10 EXP 09/18/20,08/07/2020,08/06/2020,1,$7.69,$7.81,$769.33,$780.65,-$11.32,-1.45%,,-$11.32,Short,$780.65,No,,,,,,,,,
RUN 08/21/2020 46.00 C,CALL SUNRUN INC. $46 EXP 08/21/20,08/07/2020,08/06/2020,1,$3.29,$3.91,$329.34,$390.65,-$61.31,-15.69%,,-$61.31,Short,$390.65,No,,,,,,,,,
NVDA 08/07/2020 442.50 C,CALL NVIDIA CORP $442.5 EXP 08/07/20,08/07/2020,08/04/2020,1,$2.99,$8.01,$299.34,$800.65,-$501.31,-62.61%,,-$501.31,Short,$800.65,No,,,,,,,,,
GOLD,BARRICK GOLD CORP F,08/07/2020,07/24/2020,50,$29.00,$28.12,$1449.97,$1406.00,$43.97,3.13%,,$43.97,Short,$1406.00,No,,,,,,,,,
MMNFF,MEDMEN ENTERPRISES INC F,08/07/2020,07/24/2020,6500,$0.17,$0.18,$1105.00,$1189.50,-$84.50,-7.10%,,-$84.50,Short,$1189.50,No,,,,,,,,,
MGPHF,MASON GRAPHITE INC F,08/07/2020,07/24/2020,900,$0.13,$0.12,$115.89,$104.17,$11.72,11.25%,,$11.72,Short,$104.17,No,,,,,,,,,
NVDA 08/07/2020 445.00 P,PUT NVIDIA CORP $445 EXP 08/07/20,08/07/2020,08/07/2020,1,$1.39,$3.74,$139.33,$373.65,-$234.32,-62.71%,,-$234.32,Short,$373.65,No,,,$959.95,-$541.95,-56.46%,,,,-56.46%
NVDA 08/07/2020 445.00 P,PUT NVIDIA CORP $445 EXP 08/07/20,08/07/2020,08/07/2020,1,$1.39,$2.31,$139.34,$230.65,-$91.31,-39.59%,,-$91.31,Short,$230.65,No,,,$959.95,-$541.95,-56.46%,,,,-56.46%
REGN 08/07/2020 630.00 C,CALL REGENERON PHARMS IN $630 EXP 08/07/20,08/07/2020,08/07/2020,1,$2.99,$1.31,$299.34,$130.65,$168.69,56.35%,,$168.69,Short,$130.65,No,,08/06/2020,,,,,,,
NVDA 08/07/2020 445.00 P,PUT NVIDIA CORP $445 EXP 08/07/20,08/07/2020,08/07/2020,1,$1.39,$3.56,$139.33,$355.65,-$216.32,-60.82%,,-$216.32,Short,$355.65,No,,,$959.95,-$541.95,-56.46%,,,,-56.46%
BZUN,BAOZUN INC F SPONSORED A DR 1 ADR REPS 3 ORD SHS,08/06/2020,07/07/2020,7.3781,$43.11,$44.02,$318.06,$324.81,-$6.75,-2.08%,,-$6.75,Short,$324.81,No,,,$778.00,-$2.04,-0.26%,,,,-0.26%
VRTX,VERTEX PHARMACEUTICA,08/06/2020,07/27/2020,5,$272.99,$280.34,$1364.97,$1401.70,-$36.73,-2.62%,,-$36.73,Short,$1401.70,No,,,,,,,,,
BZUN,BAOZUN INC F SPONSORED A DR 1 ADR REPS 3 ORD SHS,08/06/2020,07/02/2020,10,$43.11,$42.33,$431.09,$423.33,$7.76,1.83%,,$7.76,Short,$423.33,No,,,$778.00,-$2.04,-0.26%,,,,-0.26%
BYDDY,BYD CO LTD F SPONSORED ADR 1 ADR REPS 2 ORD SHS,08/06/2020,07/30/2020,5,$20.28,$18.78,$101.40,$93.90,$7.50,7.99%,,$7.50,Short,$93.90,No,,,,,,,,,
BZUN,BAOZUN INC F SPONSORED ADR 1 ADR REPS 3 ORD SHS,08/06/2020,06/12/2020,0.6219,$43.11,$48.01,$26.81,$29.86,-$3.05,-10.21%,,-$3.05,Short,$29.86,No,,,$778.00,-$2.04,-0.26%,,,,-0.26%
SEDG,SOLAREDGE TECH,08/06/2020,07/24/2020,1,$215.01,$172.26,$215.01,$172.26,$42.75,24.82%,,$42.75,Short,$172.26,No,,,,,,,,,
MGPHF,MASON GRAPHITE INC F,08/06/2020,07/24/2020,9100,$0.14,$0.12,$1310.37,$1053.33,$257.04,24.40%,,$257.04,Short,$1053.33,No,,,,,,,,,
TSM,TAIWAN SEMICONDUCTR F SPONSORED ADR 1 ADR REPS 5 ORD SHS,08/06/2020,07/24/2020,2,$81.97,$71.54,$163.94,$143.08,$20.86,14.58%,,$20.86,Short,$143.08,No,,,,,,,,,
NGPHF,NORTHERN GRAPHITE CO F,08/06/2020,07/24/2020,2675,$0.23,$0.15,$615.24,$411.95,$203.29,49.35%,,$203.29,Short,$411.95,No,,,,,,,,,
MMNFF,MEDMEN ENTERPRISES INC F,08/06/2020,07/24/2020,100,$0.17,$0.18,$17.19,$18.30,-$1.11,-6.07%,,-$1.11,Short,$18.30,No,,,,,,,,,
GTBIF,GREEN THUMB INDS INC F,08/06/2020,07/29/2020,2,$13.98,$13.56,$27.95,$27.13,$0.82,3.02%,,$0.82,Short,$27.13,No,,,,,,,,,
MMNFF,MEDMEN ENTERPRISES INC F,08/06/2020,07/24/2020,100,$0.17,$0.18,$17.19,$18.30,-$1.11,-6.07%,,-$1.11,Short,$18.30,No,,,,,,,,,
MMNFF,MEDMEN ENTERPRISES INC F,08/06/2020,07/24/2020,200,$0.17,$0.18,$34.39,$36.60,-$2.21,-6.04%,,-$2.21,Short,$36.60,No,,,,,,,,,
GTBIF,GREEN THUMB INDS INC F,08/06/2020,07/29/2020,18,$13.97,$13.56,$251.53,$244.15,$7.38,3.02%,,$7.38,Short,$244.15,No,,,,,,,,,
ACRGF,ACREAGE HLDGS INC F,08/06/2020,07/30/2020,115,$3.15,$3.09,$362.24,$355.35,$6.89,1.94%,,$6.89,Short,$355.35,No,,,,,,,,,
FSLY,FASTLY INC,08/06/2020,07/30/2020,4,$90.00,$92.08,$359.99,$368.32,-$8.33,-2.26%,,-$8.33,Short,$368.32,No,,,$1381.20,-$31.23,-2.26%,,,,-2.26%
FSLY 08/21/2020 89.00 P,PUT FASTLY INC $89 EXP 0 8/21/20,08/06/2020,08/06/2020,1,$6.19,$8.41,$619.32,$840.65,-$221.33,-26.33%,,-$221.33,Short,$840.65,No,,,$1581.30,-$342.67,-21.67%,,,,-21.67%
FSLY 08/21/2020 89.00 P,PUT FASTLY INC $89 EXP 08/21/20,08/06/2020,08/06/2020,1,$6.19,$7.41,$619.31,$740.65,-$121.34,-16.38%,,-$121.34,Short,$740.65,No,,,$1581.30,-$342.67,-21.67%,,,,-21.67%
NGPHF,NORTHERN GRAPHITE CO F,08/06/2020,07/24/2020,5325,$0.25,$0.15,$1357.85,$820.05,$537.80,65.58%,,$537.80,Short,$820.05,No,,,,,,,,,
FSLY,FASTLY INC,08/06/2020,07/12/2020,11,$90.00,$98.67,$989.98,$1085.39,-$95.41,-8.79%,,-$95.41,Short,$1085.39,No,,,$1381.20,-$31.23,-2.26%,,,,-2.26%
NGPHF,NORTHERN GRAPHITE CO F,08/06/2020,07/24/2020,1000,$0.23,$0.15,$229.99,$154.00,$75.99,49.34%,,$75.99,Short,$154.00,No,,,,,,,,,
NGPHF,NORTHERN GRAPHITE CO F,08/06/2020,07/24/2020,1000,$0.23,$0.15,$229.99,$154.00,$75.99,49.34%,,$75.99,Short,$154.00,No,,,,,,,,,
SSP,SCRIPPS E W CO CLASS A,08/06/2020,07/24/2020,125,$11.50,$11.23,$1437.47,$1403.54,$33.93,2.42%,,$33.93,Short,$1403.54,No,,,,,,,,,
ASML,ASML HLDGS NV F SPONSORED ADR 1 ADR REPS 1 ORD SHS,08/06/2020,07/24/2020,4,$368.04,$371.00,$1472.17,$1484.00,-$11.83,-0.80%,,-$11.83,Short,$1484.00,No,,,,,,,,,
MMNFF,MEDMEN ENTERPRISES INC F,08/06/2020,07/24/2020,500,$0.17,$0.18,$85.97,$91.50,-$5.53,-6.04%,,-$5.53,Short,$91.50,No,,,,,,,,,
MMNFF,MEDMEN ENTERPRISES INC F,08/06/2020,07/24/2020,100,$0.17,$0.18,$17.19,$18.30,-$1.11,-6.07%,,-$1.11,Short,$18.30,No,,,,,,,,,
TSLA,TESLA INC,08/06/2020,06/24/2020,1,$1490.80,$970.42,$1490.80,$970.42,$520.38,53.62%,,$520.38,Short,$970.42,No,,,,,,,,,
W 08/07/2020 270.00 C,CALL WAYFAIR INC $270 EXP 08/07/20,08/04/2020,07/31/2020,1,$24.29,$16.91,$2429.30,$1690.65,$738.65,43.69%,,$738.65,Short,$1690.65,No,,,,,,,,,
TWLO 08/07/2020 270.00 C,CALL TWILIO INC $270 EXP 08/07/20,08/04/2020,07/31/2020,1,$19.09,$15.01,$1909.31,$1500.65,$408.66,27.23%,,$408.66,Short,$1500.65,No,,,,,,,,,
ENPH 08/21/2020 57.50 C,CALL ENPHASE ENERGY INC $57.5 EXP 08/21/20,08/04/2020,07/31/2020,1,$13.79,$6.81,$1379.32,$680.65,$698.67,102.65%,,$698.67,Short,$680.65,No,,,,,,,,,
LVGO 08/07/2020 127.00 C,CALL LIVONGO HEALTH INC $127 EXP 08/07/20,08/04/2020,07/31/2020,1,$16.29,$8.61,$1629.31,$860.65,$768.66,89.31%,,$768.66,Short,$860.65,No,,,,,,,,,
BYND 08/07/2020 124.00 C,CALL BEYOND MEAT INC $124 EXP 08/07/20,08/04/2020,07/31/2020,1,$18.89,$9.01,$1889.31,$900.65,$988.66,109.77%,,$988.66,Short,$900.65,No,,,,,,,,,
FSLY 08/07/2020 93.00 C,CALL FASTLY INC $93 EXP 08/07/20,08/04/2020,07/31/2020,1,$22.29,$9.41,$2229.30,$940.65,$1288.65,137.00%,,$1288.65,Short,$940.65,No,,,,,,,,,
KODK,EASTMAN KODAK CO,07/31/2020,07/29/2020,43,$23.61,$28.00,$1015.21,$1204.00,-$188.79,-15.68%,,-$188.79,Short,$1204.00,No,,,,,,,,,
BLDP,BALLARD POWER SYS F,07/31/2020,07/06/2020,22.232,$14.19,$19.43,$315.58,$431.97,-$116.39,-26.94%,,-$116.39,Short,$431.97,No,,,$785.27,-$217.48,-27.69%,,,,-27.69%
FB 07/31/2020 232.50 C,CALL FACEBOOK INC $232.5 EXP 07/31/20,07/31/2020,07/30/2020,1,$17.89,$7.59,$1789.31,$758.65,$1030.66,135.85%,,$1030.66,Short,$758.65,No,,,,,,,,,
BLDP,BALLARD POWER SYS F,07/31/2020,06/15/2020,0.9876,$14.20,$23.04,$14.02,$22.75,-$8.73,-38.37%,,-$8.73,Short,$22.75,No,,,$785.27,-$217.48,-27.69%,,,,-27.69%
BLDP,BALLARD POWER SYS F,07/31/2020,07/06/2020,16.7804,$14.19,$19.70,$238.19,$330.55,-$92.36,-27.94%,,-$92.36,Short,$330.55,No,,,$785.27,-$217.48,-27.69%,,,,-27.69%
HZO 08/21/2020 30.00 C,CALL MARINEMAX INC $30 EXP 08/21/20,07/31/2020,07/30/2020,1,$0.64,$1.71,$64.35,$170.65,-$106.30,-62.29%,,-$106.30,Short,$170.65,No,,,,,,,,,
SYAAF,SYRAH RESOURCES LI ORDF,07/31/2020,07/24/2020,4000,$0.24,$0.29,$950.00,$1166.00,-$216.00,-18.52%,,-$216.00,Short,$1166.00,No,,,,,,,,,
AMZN,AMAZON.COM INC,07/31/2020,07/01/2020,1,$3199.93,$2852.19,$3199.93,$2852.19,$347.74,12.19%,,$347.74,Short,$2852.19,No,,,,,,,,,
APPS,DIGITAL TURBINE INC,07/30/2020,07/02/2020,35,$12.39,$13.07,$433.64,$457.45,-$23.81,-5.20%,,-$23.81,Short,$457.45,No,,,$672.28,$170.22,25.32%,,,,25.32%
OVID,OVID THERAPEUTICS INC,07/30/2020,07/28/2020,20,$6.12,$6.75,$122.40,$135.00,-$12.60,-9.33%,,-$12.60,Short,$135.00,No,,,$1012.50,-$94.52,-9.34%,,,,-9.34%
OVID,OVID THERAPEUTICS INC,07/30/2020,07/13/2020,130,$6.12,$7.05,$795.58,$916.44,-$120.86,-13.19%,,-$120.86,Short,$916.44,No,,,$1012.50,-$94.52,-9.34%,,,,-9.34%
BA,BOEING CO,07/30/2020,05/08/2020,6,$162.90,$132.47,$977.38,$794.83,$182.55,22.97%,,$182.55,Short,$794.83,No,,,,,,,,,
LX,LEXINFINTECH HOLDINGS F UNSPONSORED ADR 1 ADR REPS ORD SHS,07/30/2020,07/28/2020,38,$8.50,$8.65,$322.99,$328.70,-$5.71,-1.74%,,-$5.71,Short,$328.70,No,,,$977.45,-$16.97,-1.74%,,,,-1.74%
LX,LEXINFINTECH HOLDINGS F UNSPONSORED ADR 1 ADR RE PS ORD SHS,07/30/2020,07/21/2020,75,$8.50,$10.88,$637.49,$816.00,-$178.51,-21.88%,,-$178.51,Short,$816.00,No,,,$977.45,-$16.97,-1.74%,,,,-1.74%
BOXL,BOXLIGHT CORP 00500 CLAS S A,07/30/2020,06/26/2020,400,$2.23,$1.49,$891.98,$595.25,$296.73,49.85%,,$296.73,Short,$595.25,No,,,$699.86,$372.75,53.26%,,,,53.26%
ALT,ALTIMMUNE INC,07/30/2020,07/09/2020,15,$21.57,$23.83,$323.54,$357.45,-$33.91,-9.49%,,-$33.91,Short,$357.45,No,,,$923.95,$499.64,54.08%,,,,54.08%
APPS,DIGITAL TURBINE INC,07/30/2020,06/01/2020,33,$12.39,$6.51,$408.86,$214.83,$194.03,90.32%,,$194.03,Short,$214.83,No,,,$672.28,$170.22,25.32%,,,,25.32%
NTLA,INTELLIA THERAPEUTIC,07/30/2020,07/07/2020,37,$18.19,$22.63,$673.02,$837.18,-$164.16,-19.61%,,-$164.16,Short,$837.18,No,,,,,,,,,
BOXL,BOXLIGHT CORP 00500 CLAS S A,07/30/2020,06/26/2020,74,$2.23,$1.70,$165.02,$126.16,$38.86,30.80%,,$38.86,Short,$126.16,No,,,$699.86,$372.75,53.26%,,,,53.26%
ALT,ALTIMMUNE INC,07/30/2020,07/07/2020,51,$21.57,$11.11,$1100.05,$566.50,$533.55,94.18%,,$533.55,Short,$566.50,No,,,$923.95,$499.64,54.08%,,,,54.08%
BOXL,BOXLIGHT CORP 00500 CLASS A,07/30/2020,06/26/2020,7,$2.23,$1.71,$15.61,$11.94,$3.67,30.74%,,$3.67,Short,$11.94,No,,,$699.86,$372.75,53.26%,,,,53.26%
TDOC 07/31/2020 210.00 C,CALL TELADOC INC $210 EXP 07/31/20,07/30/2020,07/28/2020,1,$26.09,$9.20,$2609.29,$919.65,$1689.64,183.73%,,$1689.64,Short,$919.65,No,,,,,,,,,
LLNW,LIMELIGHT NETWORKS,07/29/2020,07/24/2020,225,$6.55,$6.06,$1473.72,$1363.50,$110.22,8.08%,,$110.22,Short,$1363.50,No,,,,,,,,,
BE,BLOOM ENERGY CORP,07/29/2020,07/06/2020,0.0063,$15.87,$11.11,$0.10,$0.07,$0.03,42.86%,,$0.03,Short,$0.07,No,,,$802.29,$300.72,37.48%,,,,37.48%
BABA,ALIBABA GROUP HOLDING F SPONSORED ADR 1 ADR REPS 8 ORD SHS,07/29/2020,07/06/2020,5,$250.13,$238.18,$1250.67,$1190.90,$59.77,5.02%,,$59.77,Short,$1190.90,No,,,,,,,,,
BE,BLOOM ENERGY CORP,07/29/2020,07/02/2020,23.3073,$15.11,$10.40,$352.17,$242.40,$109.77,45.28%,,$109.77,Short,$242.40,No,,,$802.29,$300.72,37.48%,,,,37.48%
BE,BLOOM ENERGY CORP,07/29/2020,07/06/2020,0.1372,$15.09,$11.08,$2.07,$1.52,$0.55,36.18%,,$0.55,Short,$1.52,No,,,$802.29,$300.72,37.48%,,,,37.48%
BE,BLOOM ENERGY CORP,07/29/2020,07/06/2020,31,$15.11,$11.08,$468.40,$343.41,$124.99,36.40%,,$124.99,Short,$343.41,No,,,$802.29,$300.72,37.48%,,,,37.48%
KODK,EASTMAN KODAK CO,07/29/2020,07/29/2020,7,$28.71,$28.00,$200.97,$196.00,$4.97,2.54%,,$4.97,Short,$196.00,No,,,,,,,,,
BE,BLOOM ENERGY CORP,07/29/2020,07/06/2020,18.5492,$15.11,$11.58,$280.27,$214.89,$65.38,30.42%,,$65.38,Short,$214.89,No,,,$802.29,$300.72,37.48%,,,,37.48%
TTWO,TAKE TWO INTERACTV,07/28/2020,07/06/2020,7,$158.11,$146.19,$1106.75,$1023.31,$83.44,8.15%,,$83.44,Short,$1023.31,No,,,,,,,,,
TWOU,2U INC,07/28/2020,07/06/2020,25,$43.63,$40.14,$1090.73,$1003.50,$87.23,8.69%,,$87.23,Short,$1003.50,No,,,,,,,,,
NVDA,NVIDIA CORP,07/27/2020,07/06/2020,2,$409.31,$394.13,$818.62,$788.27,$30.35,3.85%,,$30.35,Short,$788.27,No,,,$1202.28,$25.65,2.13%,,,,2.13%
NVDA,NVIDIA CORP,07/27/2020,07/09/2020,1,$409.31,$414.01,$409.31,$414.01,$0.00,0.00%,,$0.00,Short,$414.01,Yes,$4.70,,$1202.28,$25.65,2.13%,,,,2.13%
CHGG,CHEGG INC,07/24/2020,07/06/2020,10,$73.46,$70.75,$734.58,$707.49,$27.09,3.83%,,$27.09,Short,$707.49,No,,,,,,,,,
NLS,NAUTILUS INC,07/24/2020,07/09/2020,97,$10.46,$10.31,$1014.60,$1000.51,$14.09,1.41%,,$14.09,Short,$1000.51,No,,,,,,,,,
CHGG,CHEGG INC,07/24/2020,07/06/2020,5,$73.46,$70.75,$367.29,$353.74,$13.55,3.83%,,$13.55,Short,$353.74,No,,,,,,,,,
SQ,SQUARE INC CLASS A,07/24/2020,07/24/2020,2,$133.13,$129.23,$266.25,$258.46,$7.79,2.93%,,$7.79,Short,$258.46,No,,07/22/2020,,,,,,,
QDEL,QUIDEL CORP,07/24/2020,07/09/2020,4,$252.34,$240.06,$1009.34,$960.24,$49.10,5.11%,,$49.10,Short,$960.24,No,,,,,,,,,
AMZN,AMAZON.COM INC,07/24/2020,07/01/2020,1,$2929.94,$2852.19,$2929.94,$2852.19,$77.75,2.73%,,$77.75,Short,$2852.19,No,,,,,,,,,
NIO,N I O INC F UNSPONSORED ADR 1 ADR REPS ORD SHS,07/24/2020,07/06/2020,80,$11.39,$12.05,$911.18,$964.40,-$53.22,-5.52%,,-$53.22,Short,$964.40,No,,,,,,,,,
FSLY,FASTLY INC,07/24/2020,07/06/2020,11,$76.66,$83.25,$843.24,$915.75,$0.00,0.00%,,$0.00,Short,$915.75,Yes,$72.51,,,,,,,,
TTD,THE TRADE DESK INC CLASS A,07/24/2020,06/30/2020,3,$413.29,$407.77,$1239.87,$1223.32,$16.55,1.35%,,$16.55,Short,$1223.32,No,,,,,,,,,
DOCU,DOCUSIGN INC,07/24/2020,07/07/2020,5,$193.00,$197.73,$964.98,$988.67,-$23.69,-2.40%,,-$23.69,Short,$988.67,No,,,,,,,,,
BYDDF,BYD CO LTD ORDF,07/22/2020,07/06/2020,100,$9.12,$9.77,$912.00,$976.50,-$64.50,-6.61%,,-$64.50,Short,$976.50,No,,,,,,,,,
OVID,OVID THERAPEUTICS INC,07/22/2020,07/07/2020,40,$7.08,$7.38,$283.06,$295.20,$0.00,0.00%,,$0.00,Short,$295.20,Yes,$12.14,,$958.90,-$38.94,-4.06%,,,,-4.06%
MRVL,MARVELL TECH GROUP F,07/22/2020,07/10/2020,24,$35.95,$38.21,$862.84,$916.95,-$54.11,-5.90%,,-$54.11,Short,$916.95,No,,,,,,,,,
TSLA,TESLA INC,07/22/2020,06/24/2020,2,$1601.63,$970.42,$3203.25,$1940.84,$1262.41,65.04%,,$1262.41,Short,$1940.84,No,,,,,,,,,
EBAY,EBAY INC,07/22/2020,07/09/2020,17,$56.88,$59.06,$966.97,$1003.99,-$37.02,-3.69%,,-$37.02,Short,$1003.99,No,,,,,,,,,
CLLS,CELLECTIS S A F SPONSORE D ADR 1 ADR REPS 1 ORD S HS,07/22/2020,07/02/2020,35,$17.11,$18.80,$598.84,$658.14,-$59.30,-9.01%,,-$59.30,Short,$658.14,No,,,$1127.89,-$101.31,-8.98%,,,,-8.98%
CLLS,CELLECTIS S A F SPONSORED ADR 1 ADR REPS 1 ORD SHS,07/22/2020,07/02/2020,25,$17.11,$18.79,$427.74,$469.75,-$42.01,-8.94%,,-$42.01,Short,$469.75,No,,,$1127.89,-$101.31,-8.98%,,,,-8.98%
OVID,OVID THERAPEUTICS INC,07/22/2020,07/07/2020,90,$7.08,$7.37,$636.90,$663.70,$0.00,0.00%,,$0.00,Short,$663.70,Yes,$26.80,,$958.90,-$38.94,-4.06%,,,,-4.06%
EA,ELECTRONIC ARTS INC,07/22/2020,07/09/2020,8,$138.95,$137.02,$1111.58,$1096.13,$15.45,1.41%,,$15.45,Short,$1096.13,No,,,,,,,,,
LSCC,LATTICE SEMICONDUCTR,07/22/2020,07/09/2020,33,$29.72,$30.83,$980.84,$1017.42,-$36.58,-3.60%,,-$36.58,Short,$1017.42,No,,,,,,,,,
BLCM,BELLICUM PHARMACEUTICALS,07/22/2020,07/09/2020,127,$7.44,$7.95,$944.56,$1009.65,-$65.09,-6.45%,,-$65.09,Short,$1009.65,No,,,,,,,,,
CRWD,CROWDSTRIKE HLDGS INC,07/22/2020,07/07/2020,9,$103.45,$107.50,$931.03,$967.50,-$36.47,-3.77%,,-$36.47,Short,$967.50,No,,,,,,,,,
BOXL,BOXLIGHT CORP 00500 CLASS A,07/20/2020,06/14/2020,500,$2.98,$3.73,$1490.02,$1864.06,-$374.04,-20.07%,,-$374.04,Short,$1864.06,No,,,$1847.50,-$357.48,-19.35%,,,,-19.35%
LX,LEXINFINTECH HOLDINGS F UNSPONSORED ADR 1 ADR REPS ORD SHS,07/16/2020,07/09/2020,75,$10.78,$13.01,$808.49,$975.74,$0.00,0.00%,,$0.00,Short,$975.74,Yes,$167.25,,,,,,,,
TWLO,TWILIO INC CLASS A,07/16/2020,07/06/2020,5,$218.35,$244.67,$1091.75,$1223.36,-$131.61,-10.76%,,-$131.61,Short,$1223.36,No,,,$1200.36,-$108.61,-9.05%,,,,-9.05%
OKTA,OKTA INC CLASS A,07/16/2020,07/09/2020,4,$198.82,$222.91,$795.26,$891.64,-$96.38,-10.81%,,-$96.38,Short,$891.64,No,,,,,,,,,
VNET,21VIANET GROUP INC F SPONSORED ADR 1 ADR REPS 6 ORD SHS,07/16/2020,07/06/2020,37,$23.88,$27.32,$883.71,$1010.84,-$127.13,-12.58%,,-$127.13,Short,$1010.84,No,,,,,,,,,
TWOU,2U INC,07/09/2020,07/06/2020,5,$42.99,$40.14,$214.95,$200.70,$14.25,7.10%,,$14.25,Short,$200.70,No,,,,,,,,,
PLAN,ANAPLAN INC,07/09/2020,07/07/2020,21,$50.70,$49.88,$1064.73,$1047.41,$17.32,1.65%,,$17.32,Short,$1047.41,No,,,,,,,,,
CRSP,CRISPR THERAPEUTICS F,07/09/2020,07/06/2020,5,$95.13,$84.44,$475.64,$422.18,$53.46,12.66%,,$53.46,Short,$422.18,No,,,,,,,,,
CRWD,CROWDSTRIKE HLDGS INC,07/09/2020,07/07/2020,1,$116.99,$107.50,$116.99,$107.50,$9.49,8.83%,,$9.49,Short,$107.50,No,,,,,,,,,
SAIL,SAILPOINT TECHNOLOGIES,07/09/2020,07/07/2020,4,$29.03,$27.86,$116.10,$111.43,$4.67,4.19%,,$4.67,Short,$111.43,No,,,,,,,,,
REAL,THE REALREAL INC,07/09/2020,07/06/2020,8,$15.05,$14.23,$120.40,$113.81,$6.59,5.79%,,$6.59,Short,$113.81,No,,,,,,,,,
REAL,THE REALREAL INC,07/09/2020,07/06/2020,67,$14.54,$14.23,$973.95,$953.19,$20.76,2.18%,,$20.76,Short,$953.19,No,,,,,,,,,
AAWW,ATLAS AIR WORLDWIDE,07/09/2020,07/06/2020,23,$46.41,$44.90,$1067.53,$1032.59,$34.94,3.38%,,$34.94,Short,$1032.59,No,,,,,,,,,
RUN,SUNRUN INC.,07/09/2020,07/07/2020,36,$26.73,$24.15,$962.36,$869.28,$93.08,10.71%,,$93.08,Short,$869.28,No,,,,,,,,,
RUN,SUNRUN INC.,07/09/2020,07/07/2020,9,$27.31,$24.15,$245.78,$217.32,$28.46,13.10%,,$28.46,Short,$217.32,No,,,,,,,,,
FSLY,FASTLY INC,07/09/2020,07/06/2020,4,$94.60,$83.25,$378.39,$333.00,$45.39,13.63%,,$45.39,Short,$333.00,No,,,,,,,,,
OVID,OVID THERAPEUTICS INC,07/09/2020,07/07/2020,2,$7.89,$7.38,$15.78,$14.75,$1.03,6.98%,,$1.03,Short,$14.75,No,,,,,,,,,
DOCU,DOCUSIGN INC,07/09/2020,07/07/2020,1,$211.86,$197.74,$211.86,$197.74,$14.12,7.14%,,$14.12,Short,$197.74,No,,,,,,,,,
GGAL,GRUPO FINANCIERO GALIC F SPONSORED ADR 1 ADR REPS 10 ORD SHS,07/09/2020,07/06/2020,70,$10.90,$11.18,$763.31,$782.51,-$19.20,-2.45%,,-$19.20,Short,$782.51,No,,,$1121.70,-$31.26,-2.79%,,,,-2.79%
GGAL,GRUPO FINANCIERO GALIC F SPONSORED ADR 1 ADR REP S 10 ORD SHS,07/09/2020,07/06/2020,30,$10.90,$11.31,$327.13,$339.19,-$12.06,-3.56%,,-$12.06,Short,$339.19,No,,,$1121.70,-$31.26,-2.79%,,,,-2.79%
ABMD,ABIOMED INC,07/09/2020,07/06/2020,5,$262.04,$267.57,$1310.19,$1337.85,-$27.66,-2.07%,,-$27.66,Short,$1337.85,No,,,,,,,,,
OVID,OVID THERAPEUTICS INC,07/09/2020,07/07/2020,8,$7.89,$7.38,$63.12,$59.00,$4.12,6.98%,,$4.12,Short,$59.00,No,,,,,,,,,
VSLR,VIVINT SOLAR INC,07/09/2020,07/07/2020,13,$15.09,$13.15,$196.17,$170.95,$25.22,14.75%,,$25.22,Short,$170.95,No,,,,,,,,,
BA,BOEING CO,07/09/2020,05/08/2020,4,$174.15,$132.47,$696.59,$529.88,$166.71,31.46%,,$166.71,Short,$529.88,No,,,,,,,,,
SHOP,SHOPIFY INC F CLASS A,07/09/2020,04/23/2020,1,$1027.98,$636.00,$1027.98,$636.00,$391.98,61.63%,,$391.98,Short,$636.00,No,,,,,,,,,
VSLR,VIVINT SOLAR INC,07/09/2020,07/07/2020,67,$14.69,$13.15,$984.45,$881.05,$103.40,11.74%,,$103.40,Short,$881.05,No,,,,,,,,,
CRM,SALESFORCE COM,07/09/2020,07/01/2020,5,$197.93,$190.97,$989.66,$954.87,$34.79,3.64%,,$34.79,Short,$954.87,No,,,,,,,,,
NIO,N I O INC F UNSPONSORED ADR 1 ADR REPS ORD SHS,07/09/2020,07/06/2020,15,$13.69,$12.06,$205.35,$180.83,$24.52,13.56%,,$24.52,Short,$180.83,No,,,,,,,,,
GRAF,GRAF INDUSTRIAL CORP,07/08/2020,07/06/2020,45,$16.65,$21.86,$749.46,$983.48,-$234.02,-23.80%,,-$234.02,Short,$983.48,No,,,,,,,,,
TTD,THE TRADE DESK INC CLASS A,07/07/2020,06/30/2020,2,$444.98,$407.77,$889.95,$815.55,$74.40,9.12%,,$74.40,Short,$815.55,No,,,,,,,,,
MRK,MERCK & CO. INC.,07/07/2020,07/01/2020,13,$79.29,$78.70,$1030.78,$1023.05,$7.73,0.76%,,$7.73,Short,$1023.05,No,,,,,,,,,
STAA,STAAR SURGICAL CO,07/07/2020,07/06/2020,20,$58.54,$62.25,$1170.77,$1245.00,-$74.23,-5.96%,,-$74.23,Short,$1245.00,No,,,,,,,,,
PFE,PFIZER INC,07/07/2020,07/01/2020,30,$34.23,$34.10,$1026.94,$1022.95,$3.99,0.39%,,$3.99,Short,$1022.95,No,,,,,,,,,
IO,ION GEOPHYSICAL CORP,07/07/2020,07/06/2020,450,$2.41,$2.47,$1084.48,$1110.74,-$26.26,-2.36%,,-$26.26,Short,$1110.74,No,,,,,,,,,
TWLO,TWILIO INC CLASS A,07/07/2020,07/06/2020,5,$235.22,$239.82,$1176.12,$1199.12,$0.00,0.00%,,$0.00,Short,$1199.12,Yes,$23.00,,,,,,,,
BA,BOEING CO,07/07/2020,05/08/2020,2,$182.72,$132.47,$365.43,$264.94,$100.49,37.93%,,$100.49,Short,$264.94,No,,,,,,,,,
BA,BOEING CO,07/07/2020,05/08/2020,3,$182.72,$132.47,$548.15,$397.41,$150.74,37.93%,,$150.74,Short,$397.41,No,,,,,,,,,
SHOP,SHOPIFY INC F CLASS A,07/06/2020,04/23/2020,5,$1018.02,$636.00,$5090.09,$3180.00,$1910.09,60.07%,,$1910.09,Short,$3180.00,No,,,,,,,,,
PFE,PFIZER INC,07/06/2020,07/01/2020,20,$34.43,$34.10,$688.65,$681.96,$6.69,0.98%,,$6.69,Short,$681.96,No,,,,,,,,,
BOXL,BOXLIGHT CORP 00500 CLAS S A,07/06/2020,06/04/2020,503,$0.90,$1.21,$452.74,$610.25,-$157.51,-25.81%,,-$157.51,Short,$610.25,No,,,$3714.88,-$654.61,-17.62%,,,,-17.62%
BOXL,BOXLIGHT CORP 00500 CLAS S A,07/06/2020,06/04/2020,900,$0.90,$1.15,$810.07,$1035.00,-$204.69,-19.78%,,-$204.69,Short,$1035.00,Yes,$20.24,,$3714.88,-$654.61,-17.62%,,,,-17.62%
TPL,TEX PAC LAND SUB CTF,07/06/2020,04/01/2020,3,$573.55,$366.37,$1720.66,$1099.11,$621.55,56.55%,,$621.55,Short,$1099.11,No,,,,,,,,,
CRM,SALESFORCE COM,07/06/2020,07/01/2020,5,$197.99,$190.98,$989.96,$954.88,$35.08,3.67%,,$35.08,Short,$954.88,No,,,,,,,,,
BOXL,BOXLIGHT CORP 00500 CLAS S A,07/06/2020,06/04/2020,900,$0.90,$0.93,$810.07,$839.88,$0.00,0.00%,,$0.00,Short,$839.88,Yes,$29.81,,$3714.88,-$654.61,-17.62%,,,,-17.62%
MRK,MERCK & CO. INC.,07/06/2020,07/01/2020,7,$79.52,$78.70,$556.63,$550.87,$5.76,1.05%,,$5.76,Short,$550.87,No,,,,,,,,,
TPL,TEX PAC LAND SUB CTF,07/06/2020,04/01/2020,2,$572.08,$366.37,$1144.16,$732.74,$411.42,56.15%,,$411.42,Short,$732.74,No,,,,,,,,,
SHOP,SHOPIFY INC F CLASS A,07/06/2020,04/23/2020,2,$988.12,$636.00,$1976.23,$1272.00,$704.23,55.36%,,$704.23,Short,$1272.00,No,,,,,,,,,
BOXL,BOXLIGHT CORP 00500 CLASS A,07/06/2020,06/04/2020,1097,$0.90,$1.21,$987.39,$1328.15,-$340.76,-25.66%,,-$340.76,Short,$1328.15,No,,,$3714.88,-$654.61,-17.62%,,,,-17.62%
TTD,THE TRADE DESK INC CLASS A,07/06/2020,06/30/2020,5,$443.66,$407.78,$2218.28,$2038.88,$179.40,8.80%,,$179.40,Short,$2038.88,No,,,,,,,,,
ZBH,ZIMMER BIOMET HLDGS,07/02/2020,07/01/2020,15,$121.46,$119.29,$1821.86,$1789.35,$32.51,1.82%,,$32.51,Short,$1789.35,No,,,,,,,,,
AXP,AMERICAN EXPRESS CO,07/02/2020,07/01/2020,15,$94.80,$95.97,$1422.00,$1439.52,-$17.52,-1.22%,,-$17.52,Short,$1439.52,No,,,,,,,,,
VMW,VMWARE INC CLASS A,07/02/2020,07/01/2020,13,$152.44,$155.86,$1981.75,$2026.12,-$44.37,-2.19%,,-$44.37,Short,$2026.12,No,,,,,,,,,
BOXL,BOXLIGHT CORP 00500 CLASS A,07/01/2020,06/04/2020,503,$0.87,$0.93,$437.60,$469.40,$0.00,0.00%,,$0.00,Short,$469.40,Yes,$31.80,,,,,,,,
BA,BOEING CO,07/01/2020,05/08/2020,15,$181.43,$132.47,$2721.45,$1987.06,$734.39,36.96%,,$734.39,Short,$1987.06,No,,,,,,,,,
BOXL,BOXLIGHT CORP 00500 CLASS A,07/01/2020,06/04/2020,1097,$0.87,$0.93,$957.11,$1023.71,$0.00,0.00%,,$0.00,Short,$1023.71,Yes,$66.60,,,,,,,,
STRT,STRATTEC SECURITY CO,07/01/2020,06/03/2020,148,$15.85,$15.00,$2345.75,$2220.00,$125.75,5.66%,,$125.75,Short,$2220.00,No,,,,,,,,,
JMIA,JUMIA TECHNOLOGIES A G F UNSPONSORED ADR 1 ADR REPS 2 ORD SHS,07/01/2020,06/03/2020,425,$5.55,$5.07,$2360.49,$2154.75,$205.74,9.55%,,$205.74,Short,$2154.75,No,,,,,,,,,
STRT,STRATTEC SECURITY CO,07/01/2020,06/03/2020,2,$15.77,$15.00,$31.54,$30.00,$1.54,5.13%,,$1.54,Short,$30.00,No,,,,,,,,,
TPL,TEX PAC LAND SUB CTF,07/01/2020,04/01/2020,3,$586.04,$366.37,$1758.11,$1099.11,$659.00,59.96%,,$659.00,Short,$1099.11,No,,,,,,,,,
FVRR,FIVERR INTERNTNL LTD F,07/01/2020,06/30/2020,45,$72.40,$70.95,$3257.93,$3192.75,$65.18,2.04%,,$65.18,Short,$3192.75,No,,,,,,,,,
GD,GENERAL DYNAMICS CO,06/25/2020,05/22/2020,15,$145.37,$139.30,$2180.50,$2089.50,$91.00,4.36%,,$91.00,Short,$2089.50,No,,,,,,,,,
